0,1,2,3,4,5,6,7,8
0,n/a,n/a,n/a,n/a,0,n/a,n/a,0
0,n/a,n/a,n/a,n/a,0,n/a,n/a,0
0,n/a,n/a,n/a,n/a,0,n/a,n/a,0
0,n/a,n/a,n/a,n/a,0,n/a,n/a,0
0,n/a,n/a,n/a,n/a,0,n/a,n/a,0
0,n/a,n/a,n/a,n/a,0,n/a,n/a,0
0,n/a,n/a,n/a,n/a,0,n/a,n/a,0
0,n/a,n/a,n/a,n/a,0,n/a,n/a,0
0,n/a,n/a,n/a,n/a,0,n/a,n/a,0
0,n/a,n/a,n/a,n/a,0,n/a,n/a,0
0,n/a,n/a,n/a,n/a,0,n/a,n/a,0
0,n/a,n/a,n/a,n/a,0,n/a,n/a,0
0,n/a,n/a,n/a,n/a,0,n/a,n/a,0
0,n/a,n/a,n/a,n/a,0,n/a,n/a,0
Time,n/a,n/a,n/a,n/a,Behavior,n/a,n/a,Status
25.25322239999473,n/a,n/a,n/a,n/a,Lick,n/a,n/a,START
25.343295999996364,n/a,n/a,n/a,n/a,Lick,n/a,n/a,STOP
25.50713599999994,n/a,n/a,n/a,n/a,Lick,n/a,n/a,START
25.634124799996613,n/a,n/a,n/a,n/a,Lick,n/a,n/a,STOP
25.65050879999995,n/a,n/a,n/a,n/a,Lick,n/a,n/a,START
25.69569280000031,n/a,n/a,n/a,n/a,Lick,n/a,n/a,STOP
25.736499200001358,n/a,n/a,n/a,n/a,Lick,n/a,n/a,START
28.124582400001586,n/a,n/a,n/a,n/a,Lick,n/a,n/a,STOP
28.153280000001192,n/a,n/a,n/a,n/a,Lick,n/a,n/a,START
28.259878399997948,n/a,n/a,n/a,n/a,Lick,n/a,n/a,STOP
28.284390399999918,n/a,n/a,n/a,n/a,Lick,n/a,n/a,START
28.4030719999969,n/a,n/a,n/a,n/a,Lick,n/a,n/a,STOP
28.460582400001584,n/a,n/a,n/a,n/a,Lick,n/a,n/a,START
28.661196800000965,n/a,n/a,n/a,n/a,Lick,n/a,n/a,STOP
28.71033599999547,n/a,n/a,n/a,n/a,Lick,n/a,n/a,START
34.420761599995195,n/a,n/a,n/a,n/a,Lick,n/a,n/a,STOP
34.47784959999472,n/a,n/a,n/a,n/a,Lick,n/a,n/a,START
34.56385279999673,n/a,n/a,n/a,n/a,Lick,n/a,n/a,STOP
34.60486400000006,n/a,n/a,n/a,n/a,Lick,n/a,n/a,START
36.853734399996696,n/a,n/a,n/a,n/a,Lick,n/a,n/a,STOP
36.88652799999714,n/a,n/a,n/a,n/a,Lick,n/a,n/a,START
36.99705600000173,n/a,n/a,n/a,n/a,Lick,n/a,n/a,STOP
37.042239999994635,n/a,n/a,n/a,n/a,Lick,n/a,n/a,START
37.14042880000174,n/a,n/a,n/a,n/a,Lick,n/a,n/a,STOP
37.173184000000354,n/a,n/a,n/a,n/a,Lick,n/a,n/a,START
37.25925119999796,n/a,n/a,n/a,n/a,Lick,n/a,n/a,STOP
37.32885759999603,n/a,n/a,n/a,n/a,Lick,n/a,n/a,START
37.37803519999981,n/a,n/a,n/a,n/a,Lick,n/a,n/a,STOP
37.591039999999104,n/a,n/a,n/a,n/a,Lick,n/a,n/a,START
37.65658879999816,n/a,n/a,n/a,n/a,Lick,n/a,n/a,STOP
37.7263743999973,n/a,n/a,n/a,n/a,Lick,n/a,n/a,START
37.83681279999763,n/a,n/a,n/a,n/a,Lick,n/a,n/a,STOP
37.861491200000046,n/a,n/a,n/a,n/a,Lick,n/a,n/a,START
37.97205759999901,n/a,n/a,n/a,n/a,Lick,n/a,n/a,STOP
37.98851839999855,n/a,n/a,n/a,n/a,Lick,n/a,n/a,START
38.361151999995116,n/a,n/a,n/a,n/a,Lick,n/a,n/a,STOP
38.377510399997234,n/a,n/a,n/a,n/a,Lick,n/a,n/a,START
39.40981759999693,n/a,n/a,n/a,n/a,Lick,n/a,n/a,STOP
39.44657919999957,n/a,n/a,n/a,n/a,Lick,n/a,n/a,START
39.82755839999765,n/a,n/a,n/a,n/a,Lick,n/a,n/a,STOP
39.85619200000167,n/a,n/a,n/a,n/a,Lick,n/a,n/a,START
39.925811200000346,n/a,n/a,n/a,n/a,Lick,n/a,n/a,STOP
40.044825599998234,n/a,n/a,n/a,n/a,Lick,n/a,n/a,START
40.07328000000119,n/a,n/a,n/a,n/a,Lick,n/a,n/a,STOP
40.1717119999975,n/a,n/a,n/a,n/a,Lick,n/a,n/a,START
40.20851199999451,n/a,n/a,n/a,n/a,Lick,n/a,n/a,STOP
40.29048319999874,n/a,n/a,n/a,n/a,Lick,n/a,n/a,START
40.36422399999946,n/a,n/a,n/a,n/a,Lick,n/a,n/a,STOP
40.44619519999623,n/a,n/a,n/a,n/a,Lick,n/a,n/a,START
40.51988479999453,n/a,n/a,n/a,n/a,Lick,n/a,n/a,STOP
40.56906239999831,n/a,n/a,n/a,n/a,Lick,n/a,n/a,START
40.659071999996904,n/a,n/a,n/a,n/a,Lick,n/a,n/a,STOP
40.7287295999974,n/a,n/a,n/a,n/a,Lick,n/a,n/a,START
40.79427839999646,n/a,n/a,n/a,n/a,Lick,n/a,n/a,STOP
40.83517440000176,n/a,n/a,n/a,n/a,Lick,n/a,n/a,START
40.90492159999907,n/a,n/a,n/a,n/a,Lick,n/a,n/a,STOP
40.986828800000254,n/a,n/a,n/a,n/a,Lick,n/a,n/a,START
41.07692799999565,n/a,n/a,n/a,n/a,Lick,n/a,n/a,STOP
41.12604159999639,n/a,n/a,n/a,n/a,Lick,n/a,n/a,START
42.34264319999516,n/a,n/a,n/a,n/a,Lick,n/a,n/a,STOP
42.36727039999515,n/a,n/a,n/a,n/a,Lick,n/a,n/a,START
42.74411519999802,n/a,n/a,n/a,n/a,Lick,n/a,n/a,STOP
42.76866560000181,n/a,n/a,n/a,n/a,Lick,n/a,n/a,START
42.88750079999864,n/a,n/a,n/a,n/a,Lick,n/a,n/a,STOP
42.94886400000006,n/a,n/a,n/a,n/a,Lick,n/a,n/a,START
43.29318400000036,n/a,n/a,n/a,n/a,Lick,n/a,n/a,STOP
43.30929919999838,n/a,n/a,n/a,n/a,Lick,n/a,n/a,START
44.099903999999164,n/a,n/a,n/a,n/a,Lick,n/a,n/a,STOP
44.13671679999679,n/a,n/a,n/a,n/a,Lick,n/a,n/a,START
44.23514880000055,n/a,n/a,n/a,n/a,Lick,n/a,n/a,STOP
44.28472320000082,n/a,n/a,n/a,n/a,Lick,n/a,n/a,START
44.378547200001776,n/a,n/a,n/a,n/a,Lick,n/a,n/a,STOP
44.45221119999886,n/a,n/a,n/a,n/a,Lick,n/a,n/a,START
44.53827839999646,n/a,n/a,n/a,n/a,Lick,n/a,n/a,STOP
44.58330879999697,n/a,n/a,n/a,n/a,Lick,n/a,n/a,START
45.791961599998174,n/a,n/a,n/a,n/a,Lick,n/a,n/a,STOP
45.81625599999726,n/a,n/a,n/a,n/a,Lick,n/a,n/a,START
46.09887999999523,n/a,n/a,n/a,n/a,Lick,n/a,n/a,STOP
46.115302400000395,n/a,n/a,n/a,n/a,Lick,n/a,n/a,START
46.369254399999974,n/a,n/a,n/a,n/a,Lick,n/a,n/a,STOP
46.389887999996546,n/a,n/a,n/a,n/a,Lick,n/a,n/a,START
46.48801280000061,n/a,n/a,n/a,n/a,Lick,n/a,n/a,STOP
46.537177599996326,n/a,n/a,n/a,n/a,Lick,n/a,n/a,START
46.619161600001156,n/a,n/a,n/a,n/a,Lick,n/a,n/a,STOP
46.69696000000089,n/a,n/a,n/a,n/a,Lick,n/a,n/a,START
46.77094399999827,n/a,n/a,n/a,n/a,Lick,n/a,n/a,STOP
46.852633599996565,n/a,n/a,n/a,n/a,Lick,n/a,n/a,START
46.93463039999455,n/a,n/a,n/a,n/a,Lick,n/a,n/a,STOP
47.012339199997484,n/a,n/a,n/a,n/a,Lick,n/a,n/a,START
47.02906879999489,n/a,n/a,n/a,n/a,Lick,n/a,n/a,STOP
47.06560000000149,n/a,n/a,n/a,n/a,Lick,n/a,n/a,START
49.67092480000108,n/a,n/a,n/a,n/a,Lick,n/a,n/a,STOP
49.69123839999735,n/a,n/a,n/a,n/a,Lick,n/a,n/a,START
49.81030399999768,n/a,n/a,n/a,n/a,Lick,n/a,n/a,STOP
49.82650879999995,n/a,n/a,n/a,n/a,Lick,n/a,n/a,START
50.203289599999785,n/a,n/a,n/a,n/a,Lick,n/a,n/a,STOP
50.236364799998704,n/a,n/a,n/a,n/a,Lick,n/a,n/a,START
50.50644479999691,n/a,n/a,n/a,n/a,Lick,n/a,n/a,STOP
50.52313599999994,n/a,n/a,n/a,n/a,Lick,n/a,n/a,START
50.63752959999442,n/a,n/a,n/a,n/a,Lick,n/a,n/a,STOP
50.66640639999509,n/a,n/a,n/a,n/a,Lick,n/a,n/a,START
50.76450559999794,n/a,n/a,n/a,n/a,Lick,n/a,n/a,STOP
50.805619199998674,n/a,n/a,n/a,n/a,Lick,n/a,n/a,START
50.89559039999545,n/a,n/a,n/a,n/a,Lick,n/a,n/a,STOP
50.97758720000088,n/a,n/a,n/a,n/a,Lick,n/a,n/a,START
51.0429952000007,n/a,n/a,n/a,n/a,Lick,n/a,n/a,STOP
51.0963200000003,n/a,n/a,n/a,n/a,Lick,n/a,n/a,START
51.145433600001034,n/a,n/a,n/a,n/a,Lick,n/a,n/a,STOP
51.23964159999788,n/a,n/a,n/a,n/a,Lick,n/a,n/a,START
51.44855039999634,n/a,n/a,n/a,n/a,Lick,n/a,n/a,STOP
51.481446400001644,n/a,n/a,n/a,n/a,Lick,n/a,n/a,START
52.15322879999876,n/a,n/a,n/a,n/a,Lick,n/a,n/a,STOP
52.177676799997684,n/a,n/a,n/a,n/a,Lick,n/a,n/a,START
52.292339199997485,n/a,n/a,n/a,n/a,Lick,n/a,n/a,STOP
52.321139199994505,n/a,n/a,n/a,n/a,Lick,n/a,n/a,START
53.77519359999895,n/a,n/a,n/a,n/a,Lick,n/a,n/a,STOP
53.79580160000175,n/a,n/a,n/a,n/a,Lick,n/a,n/a,START
54.074316799998286,n/a,n/a,n/a,n/a,Lick,n/a,n/a,STOP
54.11938560000062,n/a,n/a,n/a,n/a,Lick,n/a,n/a,START
54.184895999997856,n/a,n/a,n/a,n/a,Lick,n/a,n/a,STOP
54.29960960000008,n/a,n/a,n/a,n/a,Lick,n/a,n/a,START
56.769689599998294,n/a,n/a,n/a,n/a,Lick,n/a,n/a,STOP
56.78600959999859,n/a,n/a,n/a,n/a,Lick,n/a,n/a,START
57.87973119999468,n/a,n/a,n/a,n/a,Lick,n/a,n/a,STOP
57.92880640000105,n/a,n/a,n/a,n/a,Lick,n/a,n/a,START
58.01507840000093,n/a,n/a,n/a,n/a,Lick,n/a,n/a,STOP
58.072166400000455,n/a,n/a,n/a,n/a,Lick,n/a,n/a,START
58.125363200001416,n/a,n/a,n/a,n/a,Lick,n/a,n/a,STOP
58.26063359999657,n/a,n/a,n/a,n/a,Lick,n/a,n/a,START
59.22325759999454,n/a,n/a,n/a,n/a,Lick,n/a,n/a,STOP
59.248140799999234,n/a,n/a,n/a,n/a,Lick,n/a,n/a,START
62.0332928000018,n/a,n/a,n/a,n/a,Lick,n/a,n/a,STOP
62.0906623999998,n/a,n/a,n/a,n/a,Lick,n/a,n/a,START
62.12796159999817,n/a,n/a,n/a,n/a,Lick,n/a,n/a,STOP
62.43484160000086,n/a,n/a,n/a,n/a,Lick,n/a,n/a,START
62.49250559999794,n/a,n/a,n/a,n/a,Lick,n/a,n/a,STOP
62.52478719999641,n/a,n/a,n/a,n/a,Lick,n/a,n/a,START
62.6231167999953,n/a,n/a,n/a,n/a,Lick,n/a,n/a,STOP
62.6396799999997,n/a,n/a,n/a,n/a,Lick,n/a,n/a,START
62.68048640000075,n/a,n/a,n/a,n/a,Lick,n/a,n/a,STOP
62.692684799999,n/a,n/a,n/a,n/a,Lick,n/a,n/a,START
63.1597567999959,n/a,n/a,n/a,n/a,Lick,n/a,n/a,STOP
63.19665919999778,n/a,n/a,n/a,n/a,Lick,n/a,n/a,START
63.29484799999744,n/a,n/a,n/a,n/a,Lick,n/a,n/a,STOP
63.33584640000016,n/a,n/a,n/a,n/a,Lick,n/a,n/a,START
63.84417279999703,n/a,n/a,n/a,n/a,Lick,n/a,n/a,STOP
63.87662079999596,n/a,n/a,n/a,n/a,Lick,n/a,n/a,START
64.3763967999965,n/a,n/a,n/a,n/a,Lick,n/a,n/a,STOP
64.40092159999907,n/a,n/a,n/a,n/a,Lick,n/a,n/a,START
69.02143999999761,n/a,n/a,n/a,n/a,Lick,n/a,n/a,STOP
69.0871167999953,n/a,n/a,n/a,n/a,Lick,n/a,n/a,START
70.3976576000005,n/a,n/a,n/a,n/a,Lick,n/a,n/a,STOP
70.41825279999524,n/a,n/a,n/a,n/a,Lick,n/a,n/a,START
70.94288639999927,n/a,n/a,n/a,n/a,Lick,n/a,n/a,STOP
70.97119999999553,n/a,n/a,n/a,n/a,Lick,n/a,n/a,START
71.08176639999449,n/a,n/a,n/a,n/a,Lick,n/a,n/a,STOP
71.1022976000011,n/a,n/a,n/a,n/a,Lick,n/a,n/a,START
71.60204800000042,n/a,n/a,n/a,n/a,Lick,n/a,n/a,STOP
71.6307071999982,n/a,n/a,n/a,n/a,Lick,n/a,n/a,START
72.15087359999865,n/a,n/a,n/a,n/a,Lick,n/a,n/a,STOP
72.19600639999658,n/a,n/a,n/a,n/a,Lick,n/a,n/a,START
72.29058559999615,n/a,n/a,n/a,n/a,Lick,n/a,n/a,STOP
72.31073279999941,n/a,n/a,n/a,n/a,Lick,n/a,n/a,START
72.55650559999793,n/a,n/a,n/a,n/a,Lick,n/a,n/a,STOP
72.58511360000074,n/a,n/a,n/a,n/a,Lick,n/a,n/a,START
72.68376319999993,n/a,n/a,n/a,n/a,Lick,n/a,n/a,STOP
72.74490879999846,n/a,n/a,n/a,n/a,Lick,n/a,n/a,START
72.84323839999735,n/a,n/a,n/a,n/a,Lick,n/a,n/a,STOP
72.86780160000175,n/a,n/a,n/a,n/a,Lick,n/a,n/a,START
72.97439999999851,n/a,n/a,n/a,n/a,Lick,n/a,n/a,STOP
73.0110591999963,n/a,n/a,n/a,n/a,Lick,n/a,n/a,START
73.10547199999542,n/a,n/a,n/a,n/a,Lick,n/a,n/a,STOP
73.14233599999547,n/a,n/a,n/a,n/a,Lick,n/a,n/a,START
73.22822399999946,n/a,n/a,n/a,n/a,Lick,n/a,n/a,STOP
73.27760639999806,n/a,n/a,n/a,n/a,Lick,n/a,n/a,START
73.33880319999903,n/a,n/a,n/a,n/a,Lick,n/a,n/a,STOP
73.43307519999891,n/a,n/a,n/a,n/a,Lick,n/a,n/a,START
73.65424639999867,n/a,n/a,n/a,n/a,Lick,n/a,n/a,STOP
73.69936639999598,n/a,n/a,n/a,n/a,Lick,n/a,n/a,START
73.84270080000162,n/a,n/a,n/a,n/a,Lick,n/a,n/a,STOP
73.8590719999969,n/a,n/a,n/a,n/a,Lick,n/a,n/a,START
75.54661119999737,n/a,n/a,n/a,n/a,Lick,n/a,n/a,STOP
75.57121279999613,n/a,n/a,n/a,n/a,Lick,n/a,n/a,START
76.33356799999625,n/a,n/a,n/a,n/a,Lick,n/a,n/a,STOP
76.36615679999441,n/a,n/a,n/a,n/a,Lick,n/a,n/a,START
76.46850559999794,n/a,n/a,n/a,n/a,Lick,n/a,n/a,STOP
76.52158720000088,n/a,n/a,n/a,n/a,Lick,n/a,n/a,START
76.59938560000062,n/a,n/a,n/a,n/a,Lick,n/a,n/a,STOP
76.64455680000037,n/a,n/a,n/a,n/a,Lick,n/a,n/a,START
76.70590720000118,n/a,n/a,n/a,n/a,Lick,n/a,n/a,STOP
76.80017920000105,n/a,n/a,n/a,n/a,Lick,n/a,n/a,START
76.83705600000172,n/a,n/a,n/a,n/a,Lick,n/a,n/a,STOP
77.22626559999586,n/a,n/a,n/a,n/a,Lick,n/a,n/a,START
79.24560639999807,n/a,n/a,n/a,n/a,Lick,n/a,n/a,STOP
79.27426559999586,n/a,n/a,n/a,n/a,Lick,n/a,n/a,START
79.92984319999815,n/a,n/a,n/a,n/a,Lick,n/a,n/a,STOP
79.95856639999896,n/a,n/a,n/a,n/a,Lick,n/a,n/a,START
80.06485759999603,n/a,n/a,n/a,n/a,Lick,n/a,n/a,STOP
80.09761279999465,n/a,n/a,n/a,n/a,Lick,n/a,n/a,START
80.19599359999597,n/a,n/a,n/a,n/a,Lick,n/a,n/a,STOP
80.23683839999885,n/a,n/a,n/a,n/a,Lick,n/a,n/a,START
80.89240320000053,n/a,n/a,n/a,n/a,Lick,n/a,n/a,STOP
80.91278079999984,n/a,n/a,n/a,n/a,Lick,n/a,n/a,START
81.28958720000088,n/a,n/a,n/a,n/a,Lick,n/a,n/a,STOP
81.32247039999812,n/a,n/a,n/a,n/a,Lick,n/a,n/a,START
81.71159039999544,n/a,n/a,n/a,n/a,Lick,n/a,n/a,STOP
81.74023680000008,n/a,n/a,n/a,n/a,Lick,n/a,n/a,START
81.83032319999487,n/a,n/a,n/a,n/a,Lick,n/a,n/a,STOP
81.89591039999574,n/a,n/a,n/a,n/a,Lick,n/a,n/a,START
81.93269759999961,n/a,n/a,n/a,n/a,Lick,n/a,n/a,STOP
82.20312319999934,n/a,n/a,n/a,n/a,Lick,n/a,n/a,START
84.14888960000127,n/a,n/a,n/a,n/a,Lick,n/a,n/a,STOP
84.18562559999526,n/a,n/a,n/a,n/a,Lick,n/a,n/a,START
84.28812799999864,n/a,n/a,n/a,n/a,Lick,n/a,n/a,STOP
84.32089599999786,n/a,n/a,n/a,n/a,Lick,n/a,n/a,START
84.43146239999682,n/a,n/a,n/a,n/a,Lick,n/a,n/a,STOP
84.46419200000167,n/a,n/a,n/a,n/a,Lick,n/a,n/a,START
84.55842559999972,n/a,n/a,n/a,n/a,Lick,n/a,n/a,STOP
84.59525119999796,n/a,n/a,n/a,n/a,Lick,n/a,n/a,START
84.68536320000142,n/a,n/a,n/a,n/a,Lick,n/a,n/a,STOP
84.75502079999447,n/a,n/a,n/a,n/a,Lick,n/a,n/a,START
84.80422399999946,n/a,n/a,n/a,n/a,Lick,n/a,n/a,STOP
85.07457279999554,n/a,n/a,n/a,n/a,Lick,n/a,n/a,START
85.21387519999594,n/a,n/a,n/a,n/a,Lick,n/a,n/a,STOP
85.31622399999947,n/a,n/a,n/a,n/a,Lick,n/a,n/a,START
85.4596224000007,n/a,n/a,n/a,n/a,Lick,n/a,n/a,STOP
85.61111039999872,n/a,n/a,n/a,n/a,Lick,n/a,n/a,START
87.38072320000082,n/a,n/a,n/a,n/a,Lick,n/a,n/a,STOP
87.41360639999807,n/a,n/a,n/a,n/a,Lick,n/a,n/a,START
88.1140095999986,n/a,n/a,n/a,n/a,Lick,n/a,n/a,STOP
88.150796799995,n/a,n/a,n/a,n/a,Lick,n/a,n/a,START
88.21255680000037,n/a,n/a,n/a,n/a,Lick,n/a,n/a,STOP
88.63421440000087,n/a,n/a,n/a,n/a,Lick,n/a,n/a,START
88.7283328000009,n/a,n/a,n/a,n/a,Lick,n/a,n/a,STOP
88.744742399998,n/a,n/a,n/a,n/a,Lick,n/a,n/a,START
88.78572800000012,n/a,n/a,n/a,n/a,Lick,n/a,n/a,STOP
88.99052799999714,n/a,n/a,n/a,n/a,Lick,n/a,n/a,START
89.0724223999977,n/a,n/a,n/a,n/a,Lick,n/a,n/a,STOP
89.13399040000141,n/a,n/a,n/a,n/a,Lick,n/a,n/a,START
89.21584640000016,n/a,n/a,n/a,n/a,Lick,n/a,n/a,STOP
89.26908159999549,n/a,n/a,n/a,n/a,Lick,n/a,n/a,START
89.35511039999872,n/a,n/a,n/a,n/a,Lick,n/a,n/a,STOP
89.42064639999718,n/a,n/a,n/a,n/a,Lick,n/a,n/a,START
89.49442559999973,n/a,n/a,n/a,n/a,Lick,n/a,n/a,STOP
89.54348799999804,n/a,n/a,n/a,n/a,Lick,n/a,n/a,START
90.54712319999933,n/a,n/a,n/a,n/a,Lick,n/a,n/a,STOP
90.56757759999483,n/a,n/a,n/a,n/a,Lick,n/a,n/a,START
92.13642239999771,n/a,n/a,n/a,n/a,Lick,n/a,n/a,STOP
92.15685119999945,n/a,n/a,n/a,n/a,Lick,n/a,n/a,START
92.25541119999438,n/a,n/a,n/a,n/a,Lick,n/a,n/a,STOP
92.30452479999512,n/a,n/a,n/a,n/a,Lick,n/a,n/a,START
92.75494399999828,n/a,n/a,n/a,n/a,Lick,n/a,n/a,STOP
100.74268159999698,n/a,n/a,n/a,n/a,Lick,n/a,n/a,START
100.84504320000111,n/a,n/a,n/a,n/a,Lick,n/a,n/a,STOP
100.90649599999935,n/a,n/a,n/a,n/a,Lick,n/a,n/a,START
101.51685119999945,n/a,n/a,n/a,n/a,Lick,n/a,n/a,STOP
101.53731839999557,n/a,n/a,n/a,n/a,Lick,n/a,n/a,START
101.58638080000132,n/a,n/a,n/a,n/a,Lick,n/a,n/a,STOP
101.79129599999636,n/a,n/a,n/a,n/a,Lick,n/a,n/a,START
101.97964799999446,n/a,n/a,n/a,n/a,Lick,n/a,n/a,STOP
102.28285440000147,n/a,n/a,n/a,n/a,Lick,n/a,n/a,START
102.3033728,n/a,n/a,n/a,n/a,Lick,n/a,n/a,STOP
102.37310719999671,n/a,n/a,n/a,n/a,Lick,n/a,n/a,START
102.3852928000018,n/a,n/a,n/a,n/a,Lick,n/a,n/a,STOP
102.47944959999622,n/a,n/a,n/a,n/a,Lick,n/a,n/a,START
102.53263359999657,n/a,n/a,n/a,n/a,Lick,n/a,n/a,STOP
102.54909439999611,n/a,n/a,n/a,n/a,Lick,n/a,n/a,START
102.57100800000131,n/a,n/a,n/a,n/a,Lick,n/a,n/a,STOP
102.60230399999767,n/a,n/a,n/a,n/a,Lick,n/a,n/a,START
102.63097599999607,n/a,n/a,n/a,n/a,Lick,n/a,n/a,STOP
102.6761215999946,n/a,n/a,n/a,n/a,Lick,n/a,n/a,START
102.74572800000011,n/a,n/a,n/a,n/a,Lick,n/a,n/a,STOP
102.80335359999538,n/a,n/a,n/a,n/a,Lick,n/a,n/a,START
102.86444799999893,n/a,n/a,n/a,n/a,Lick,n/a,n/a,STOP
102.93409279999882,n/a,n/a,n/a,n/a,Lick,n/a,n/a,START
102.98734079999477,n/a,n/a,n/a,n/a,Lick,n/a,n/a,STOP
103.0283775999993,n/a,n/a,n/a,n/a,Lick,n/a,n/a,START
103.22915839999914,n/a,n/a,n/a,n/a,Lick,n/a,n/a,STOP
103.3191039999947,n/a,n/a,n/a,n/a,Lick,n/a,n/a,START
103.3560319999978,n/a,n/a,n/a,n/a,Lick,n/a,n/a,STOP
103.42974719999731,n/a,n/a,n/a,n/a,Lick,n/a,n/a,START
103.51993599999696,n/a,n/a,n/a,n/a,Lick,n/a,n/a,STOP
103.54448640000075,n/a,n/a,n/a,n/a,Lick,n/a,n/a,START
103.65518079999835,n/a,n/a,n/a,n/a,Lick,n/a,n/a,STOP
103.70826240000129,n/a,n/a,n/a,n/a,Lick,n/a,n/a,START
103.77407999999821,n/a,n/a,n/a,n/a,Lick,n/a,n/a,STOP
103.8557439999953,n/a,n/a,n/a,n/a,Lick,n/a,n/a,START
104.17943039999902,n/a,n/a,n/a,n/a,Lick,n/a,n/a,STOP
104.69955839999766,n/a,n/a,n/a,n/a,Lick,n/a,n/a,START
104.8020351999998,n/a,n/a,n/a,n/a,Lick,n/a,n/a,STOP
104.82251519999653,n/a,n/a,n/a,n/a,Lick,n/a,n/a,START
105.26077439999581,n/a,n/a,n/a,n/a,Lick,n/a,n/a,STOP
105.28940799999982,n/a,n/a,n/a,n/a,Lick,n/a,n/a,START
105.36318719999493,n/a,n/a,n/a,n/a,Lick,n/a,n/a,STOP
105.46145279999823,n/a,n/a,n/a,n/a,Lick,n/a,n/a,START
105.51884799999743,n/a,n/a,n/a,n/a,Lick,n/a,n/a,STOP
105.58873600000143,n/a,n/a,n/a,n/a,Lick,n/a,n/a,START
105.78502399999648,n/a,n/a,n/a,n/a,Lick,n/a,n/a,STOP
105.82612479999662,n/a,n/a,n/a,n/a,Lick,n/a,n/a,START
105.88756480000168,n/a,n/a,n/a,n/a,Lick,n/a,n/a,STOP
105.97765119999647,n/a,n/a,n/a,n/a,Lick,n/a,n/a,START
106.02275840000063,n/a,n/a,n/a,n/a,Lick,n/a,n/a,STOP
106.10458879999817,n/a,n/a,n/a,n/a,Lick,n/a,n/a,START
106.17428480000049,n/a,n/a,n/a,n/a,Lick,n/a,n/a,STOP
106.19068159999698,n/a,n/a,n/a,n/a,Lick,n/a,n/a,START
106.38327039999515,n/a,n/a,n/a,n/a,Lick,n/a,n/a,STOP
106.39960319999605,n/a,n/a,n/a,n/a,Lick,n/a,n/a,START
106.48554239999503,n/a,n/a,n/a,n/a,Lick,n/a,n/a,STOP
106.5306495999992,n/a,n/a,n/a,n/a,Lick,n/a,n/a,START
107.05076479999721,n/a,n/a,n/a,n/a,Lick,n/a,n/a,STOP
107.10821119999886,n/a,n/a,n/a,n/a,Lick,n/a,n/a,START
107.19416319999844,n/a,n/a,n/a,n/a,Lick,n/a,n/a,STOP
107.23525119999796,n/a,n/a,n/a,n/a,Lick,n/a,n/a,START
107.24334079999477,n/a,n/a,n/a,n/a,Lick,n/a,n/a,STOP
107.25157119999825,n/a,n/a,n/a,n/a,Lick,n/a,n/a,START
107.30883839999885,n/a,n/a,n/a,n/a,Lick,n/a,n/a,STOP
107.84154879999906,n/a,n/a,n/a,n/a,Lick,n/a,n/a,START
107.93164799999445,n/a,n/a,n/a,n/a,Lick,n/a,n/a,STOP
107.96462079999596,n/a,n/a,n/a,n/a,Lick,n/a,n/a,START
108.0257919999957,n/a,n/a,n/a,n/a,Lick,n/a,n/a,STOP
108.05029119999706,n/a,n/a,n/a,n/a,Lick,n/a,n/a,START
108.69772800000013,n/a,n/a,n/a,n/a,Lick,n/a,n/a,STOP
108.73858559999616,n/a,n/a,n/a,n/a,Lick,n/a,n/a,START
108.79992319999636,n/a,n/a,n/a,n/a,Lick,n/a,n/a,STOP
109.05790720000118,n/a,n/a,n/a,n/a,Lick,n/a,n/a,START
109.08262399999798,n/a,n/a,n/a,n/a,Lick,n/a,n/a,STOP
109.11944959999622,n/a,n/a,n/a,n/a,Lick,n/a,n/a,START
109.25872639999538,n/a,n/a,n/a,n/a,Lick,n/a,n/a,STOP
109.31599359999598,n/a,n/a,n/a,n/a,Lick,n/a,n/a,START
109.54542080000043,n/a,n/a,n/a,n/a,Lick,n/a,n/a,STOP
109.56190720000119,n/a,n/a,n/a,n/a,Lick,n/a,n/a,START
110.08611840000003,n/a,n/a,n/a,n/a,Lick,n/a,n/a,STOP
110.0942848000005,n/a,n/a,n/a,n/a,Lick,n/a,n/a,START
110.09835520000011,n/a,n/a,n/a,n/a,Lick,n/a,n/a,STOP
110.1967487999946,n/a,n/a,n/a,n/a,Lick,n/a,n/a,START
110.57784319999814,n/a,n/a,n/a,n/a,Lick,n/a,n/a,STOP
110.59417599999905,n/a,n/a,n/a,n/a,Lick,n/a,n/a,START
110.65550079999863,n/a,n/a,n/a,n/a,Lick,n/a,n/a,STOP
110.67193599999696,n/a,n/a,n/a,n/a,Lick,n/a,n/a,START
110.7253247999996,n/a,n/a,n/a,n/a,Lick,n/a,n/a,STOP
110.76240639999509,n/a,n/a,n/a,n/a,Lick,n/a,n/a,START
110.99557119999825,n/a,n/a,n/a,n/a,Lick,n/a,n/a,STOP
145.44887039999665,n/a,n/a,n/a,n/a,Lick,n/a,n/a,START
145.78479360000046,n/a,n/a,n/a,n/a,Lick,n/a,n/a,STOP
146.01827839999646,n/a,n/a,n/a,n/a,Lick,n/a,n/a,START
146.0510080000013,n/a,n/a,n/a,n/a,Lick,n/a,n/a,STOP
146.18214400000124,n/a,n/a,n/a,n/a,Lick,n/a,n/a,START
146.2353919999972,n/a,n/a,n/a,n/a,Lick,n/a,n/a,STOP
146.72285440000147,n/a,n/a,n/a,n/a,Lick,n/a,n/a,START
146.94842880000175,n/a,n/a,n/a,n/a,Lick,n/a,n/a,STOP
146.9644415999949,n/a,n/a,n/a,n/a,Lick,n/a,n/a,START
147.0136447999999,n/a,n/a,n/a,n/a,Lick,n/a,n/a,STOP
147.0873599999994,n/a,n/a,n/a,n/a,Lick,n/a,n/a,START
147.12825599999726,n/a,n/a,n/a,n/a,Lick,n/a,n/a,STOP
147.2310143999979,n/a,n/a,n/a,n/a,Lick,n/a,n/a,START
147.26344959999622,n/a,n/a,n/a,n/a,Lick,n/a,n/a,STOP
147.2840447999984,n/a,n/a,n/a,n/a,Lick,n/a,n/a,START
147.5297663999945,n/a,n/a,n/a,n/a,Lick,n/a,n/a,STOP
147.5584767999947,n/a,n/a,n/a,n/a,Lick,n/a,n/a,START
147.9313280000016,n/a,n/a,n/a,n/a,Lick,n/a,n/a,STOP
147.9517311999947,n/a,n/a,n/a,n/a,Lick,n/a,n/a,START
149.94243840000033,n/a,n/a,n/a,n/a,Lick,n/a,n/a,STOP
149.97112319999934,n/a,n/a,n/a,n/a,Lick,n/a,n/a,START
150.63064319999515,n/a,n/a,n/a,n/a,Lick,n/a,n/a,STOP
150.67157759999483,n/a,n/a,n/a,n/a,Lick,n/a,n/a,START
150.88455680000038,n/a,n/a,n/a,n/a,Lick,n/a,n/a,STOP
150.945996799998,n/a,n/a,n/a,n/a,Lick,n/a,n/a,START
151.1877119999975,n/a,n/a,n/a,n/a,Lick,n/a,n/a,STOP
151.22460159999878,n/a,n/a,n/a,n/a,Lick,n/a,n/a,START
151.42958079999684,n/a,n/a,n/a,n/a,Lick,n/a,n/a,STOP
152.08066560000182,n/a,n/a,n/a,n/a,Lick,n/a,n/a,START
152.1627135999948,n/a,n/a,n/a,n/a,Lick,n/a,n/a,STOP
152.1996799999997,n/a,n/a,n/a,n/a,Lick,n/a,n/a,START
153.12523519999533,n/a,n/a,n/a,n/a,Lick,n/a,n/a,STOP
153.19490559999645,n/a,n/a,n/a,n/a,Lick,n/a,n/a,START
155.59525119999796,n/a,n/a,n/a,n/a,Lick,n/a,n/a,STOP
236.9422976000011,n/a,n/a,n/a,n/a,Lick,n/a,n/a,START
237.66730240000038,n/a,n/a,n/a,n/a,Lick,n/a,n/a,STOP
237.7206528000012,n/a,n/a,n/a,n/a,Lick,n/a,n/a,START
237.81893119999765,n/a,n/a,n/a,n/a,Lick,n/a,n/a,STOP
237.84761599999666,n/a,n/a,n/a,n/a,Lick,n/a,n/a,START
237.96229119999705,n/a,n/a,n/a,n/a,Lick,n/a,n/a,STOP
237.99916799999772,n/a,n/a,n/a,n/a,Lick,n/a,n/a,START
238.16714239999652,n/a,n/a,n/a,n/a,Lick,n/a,n/a,STOP
238.19164159999787,n/a,n/a,n/a,n/a,Lick,n/a,n/a,START
238.26146559999884,n/a,n/a,n/a,n/a,Lick,n/a,n/a,STOP
238.31057919999958,n/a,n/a,n/a,n/a,Lick,n/a,n/a,START
238.37606399999558,n/a,n/a,n/a,n/a,Lick,n/a,n/a,STOP
238.51525119999795,n/a,n/a,n/a,n/a,Lick,n/a,n/a,START
238.70388479999454,n/a,n/a,n/a,n/a,Lick,n/a,n/a,STOP
240.53059839999676,n/a,n/a,n/a,n/a,Lick,n/a,n/a,START
240.97708799999953,n/a,n/a,n/a,n/a,Lick,n/a,n/a,STOP
266.29998079999535,n/a,n/a,n/a,n/a,Lick,n/a,n/a,START
266.3532928000018,n/a,n/a,n/a,n/a,Lick,n/a,n/a,STOP
267.47155200000105,n/a,n/a,n/a,n/a,Lick,n/a,n/a,START
269.10190079999717,n/a,n/a,n/a,n/a,Lick,n/a,n/a,STOP
269.1306752000004,n/a,n/a,n/a,n/a,Lick,n/a,n/a,START
273.33324799999593,n/a,n/a,n/a,n/a,Lick,n/a,n/a,STOP
273.3624319999963,n/a,n/a,n/a,n/a,Lick,n/a,n/a,START
277.34348799999805,n/a,n/a,n/a,n/a,Lick,n/a,n/a,STOP
277.4949503999949,n/a,n/a,n/a,n/a,Lick,n/a,n/a,START
282.779251199998,n/a,n/a,n/a,n/a,Lick,n/a,n/a,STOP
408.5211391999945,n/a,n/a,n/a,n/a,Lick,n/a,n/a,START
409.0413439999968,n/a,n/a,n/a,n/a,Lick,n/a,n/a,STOP
409.07828480000046,n/a,n/a,n/a,n/a,Lick,n/a,n/a,START
409.1764736000001,n/a,n/a,n/a,n/a,Lick,n/a,n/a,STOP
409.1971583999991,n/a,n/a,n/a,n/a,Lick,n/a,n/a,START
409.23390720000117,n/a,n/a,n/a,n/a,Lick,n/a,n/a,STOP
409.24620799999684,n/a,n/a,n/a,n/a,Lick,n/a,n/a,START
409.303487999998,n/a,n/a,n/a,n/a,Lick,n/a,n/a,STOP
813.3148544000014,n/a,n/a,n/a,n/a,Lick,n/a,n/a,START
813.3435135999993,n/a,n/a,n/a,n/a,Lick,n/a,n/a,STOP
